keywords_5,count
Oven,129572
Brunch,51473
Sweet,38853
Savory,37984
Beginner Cook,29587
Spicy,27901
Potluck,22927
Stove Top,20671
Meat,18556
Spring,15870
Vegan,10475
Kid Friendly,10367
For Large Groups,9887
Mixer,9485
Roast,8955
Small Appliance,8834
Kosher,8353
Low Cholesterol,8339
Fruit,7112
From Scratch,6342
Freezer,5809
Refrigerator,4843
High In...,3635
Christmas,3436
Low Protein,3158
Canning,2802
Egg Free,2504
Stir Fry,1851
Vegetable,1477
Toddler Friendly,1435
Broil-Grill,1126
Microwave,1027
Deep Fried,1025
High Protein,982
Lactose Free,970
Very Low Carbs,887
Nuts,828
Baking,591
Bread Machine,399
Steam,380
Tropical Fruits,223
Pressure Cooker,185
Dairy Free Foods,177
Cajun,162
Beans,126
Citrus,111
Oysters,80
Rice,79
Reynolds Wrap Contest,76
Peppers,70
Onions,66
Poultry,56
Greens,56
Berries,54
Dehydrator,43
Cheese,35
Coconut,26
Grains,22
College Food,21
High Fiber,15
Peanut Butter,14
Grapes,14
Corn,13
Apple,9
Melons,9
Guatemalan,8
Black Beans,8
Wild Game,5
Potato,4
Pork,4
Medium Grain Rice,4
Strawberry,3
Soy-Tofu,2
Short Grain Rice,2
Pears,2
Lunch-Snacks,2
Raspberries,2
Papaya,2
White Rice,2
Pineapple,2
Oranges,2
Kiwifruit,1
Mussels,1
Artichoke,1
Avocado,1
Long Grain Rice,1
Lobster,1
Lemon,1
Squid,1
Bath-Beauty,1
Cauliflower,1
Lime,1
Brown Rice,1
Lentil,1
